retriever,context_precision,faithfulness,answer_relevancy
Base,0.779999999922,0.8239346764346764,0.9481748534451755
Small2Big,0.79999999992,0.8176870748299319,0.9560077597180561
